GivenName,Surname,TelephoneNumber,department,City,Company,State
Selena,Talley,609-566-5262,InfoTech,Green Bay,Reynholm Inc.,WI
Tracie,Sandoz,512-624-1632,Sys_Admin,Green Bay,Reynholm Inc.,WI
William,Smith,520-490-0490,InfoTech,Green Bay,Reynholm Inc.,WI
Gary,Ventimiglia,940-399-5313,Networking,Green Bay,Reynholm Inc.,WI
Mason,McGee,310-682-2056,Accounting,Green Bay,Reynholm Inc.,WI
Donny,Wade,801-622-0484,HR,Green Bay,Reynholm Inc.,WI
Maxine,Allen,540-245-5499,HR,Green Bay,Reynholm Inc.,WI
Stacey,Roberge,731-937-3791,Accounting,Green Bay,Reynholm Inc.,WI
Jamal,Shealey,989-849-4252,Developers,Green Bay,Reynholm Inc.,WI
James,Overby,503-351-7148,Developers,Green Bay,Reynholm Inc.,WI
Evelyn,Taylor,307-422-1191,Developers,Green Bay,Reynholm Inc.,WI
Anthony,Sturdivant,504-231-4236,Developers,Green Bay,Reynholm Inc.,WI
Florine,Molina,216-705-1458,Marketing,Green Bay,Reynholm Inc.,WI
Carli,Selleck,802-250-5557,Marketing,Green Bay,Reynholm Inc.,WI
Michael,McKeown,617-434-3769,Manufacturing,Green Bay,Reynholm Inc.,WI
Steven,Palma,303-388-4678,Manufacturing,Green Bay,Reynholm Inc.,WI
George,Knowles,918-781-5633,Accounting,Green Bay,Reynholm Inc.,WI
Amber,Pease,239-479-4002,Accounting,Green Bay,Reynholm Inc.,WI
Samantha,Holland,785-206-1549,developers,Green Bay,Reynholm Inc.,WI
Domenic,Lipsey,207-374-7251,Sales,Green Bay,Reynholm Inc.,WI
Laura,West,207-487-5614,Executive,Green Bay,Reynholm Inc.,WI
Dale,Murphy,231-325-6932,Developers,Green Bay,Reynholm Inc.,WI
Travis,Hansen,909-494-2338,Sales,Green Bay,Reynholm Inc.,WI
Maria,Jenkins,440-493-4087,Sales,Green Bay,Reynholm Inc.,WI
Ernest,Wells,413-275-7214,Accounting,Green Bay,Reynholm Inc.,WI
Shirley,Cherry,970-621-9339,Networking,Green Bay,Reynholm Inc.,WI
Stacey,Rhodes,508-738-7384,Accounting,Green Bay,Reynholm Inc.,WI
Jeffery,Allen,408-360-5189,InfoTech,Green Bay,Reynholm Inc.,WI
Douglas,Wilson,219-869-3198,Sys_Admin,Green Bay,Reynholm Inc.,WI
Katie,Diaz,781-325-9627,InfoTech,Green Bay,Reynholm Inc.,WI
Freda,Thomas,516-656-4855,Sales,Green Bay,Reynholm Inc.,WI
Erich,Kelley,650-624-0823,Sales,Green Bay,Reynholm Inc.,WI
Lizzie,Hayden,907-653-5885,Accounting,Green Bay,Reynholm Inc.,WI
Grace,Guerin,425-558-7742,developers,Green Bay,Reynholm Inc.,WI
Belinda,Chambers,434-713-0807,Sales,Green Bay,Reynholm Inc.,WI
Diane,Gates,434-205-9695,InfoTech,Green Bay,Reynholm Inc.,WI
Rhonda,Kroll,224-772-1375,InfoTech,Green Bay,Reynholm Inc.,WI
Shelly,Esquivel,402-370-9066,Executive,Green Bay,Reynholm Inc.,WI
Charles,Whittemore,859-653-4995,Sales,Green Bay,Reynholm Inc.,WI
Adrienne,Anderson,724-915-3929,InfoTech,Green Bay,Reynholm Inc.,WI
Charlene,Hill,843-557-2789,Sales,Green Bay,Reynholm Inc.,WI
Paul,Jefferson,206-367-7868,Sales,Green Bay,Reynholm Inc.,WI
Josephine,Payne,630-540-0399,InfoTech,Green Bay,Reynholm Inc.,WI
Johanna,Embrey,520-409-3901,Sys_Admin,Green Bay,Reynholm Inc.,WI
Anthony,Cole,267-945-5605,InfoTech,Green Bay,Reynholm Inc.,WI
Leonard,Green,864-861-5621,Networking,Green Bay,Reynholm Inc.,WI
Joshua,Goldberg,626-676-8142,Accounting,Green Bay,Reynholm Inc.,WI
Susan,Chung,240-363-3146,HR,Green Bay,Reynholm Inc.,WI
Charles,Ring,253-226-6732,HR,Green Bay,Reynholm Inc.,WI
Nathan,Biggs,414-325-0597,Accounting,Green Bay,Reynholm Inc.,WI
Geneva,Kirkwood,918-660-2158,Developers,Green Bay,Reynholm Inc.,WI
Elbert,Coppin,626-261-3561,Developers,Green Bay,Reynholm Inc.,WI
Billy,Asencio,818-834-0759,Developers,Green Bay,Reynholm Inc.,WI
Freddy,Bonner,812-694-4491,Developers,Green Bay,Reynholm Inc.,WI
Matthew,Randolph,608-285-3744,Marketing,Green Bay,Reynholm Inc.,WI
Amy,Davis,252-527-7594,Marketing,Green Bay,Reynholm Inc.,WI
Paul,Cross,213-873-6546,Manufacturing,Green Bay,Reynholm Inc.,WI
Lucille,Holoman,832-445-9064,Manufacturing,Green Bay,Reynholm Inc.,WI
Jeffrey,Vu,970-760-6536,Accounting,Green Bay,Reynholm Inc.,WI
Mariano,Gonzalez,615-508-3909,Accounting,Green Bay,Reynholm Inc.,WI
Pedro,Jennings,423-716-4819,developers,Green Bay,Reynholm Inc.,WI
Nettie,Myers,828-877-5063,Sales,Green Bay,Reynholm Inc.,WI
Mary,Watters,608-217-1264,Executive,Green Bay,Reynholm Inc.,WI
Douglas,Baker,484-637-3505,Developers,Green Bay,Reynholm Inc.,WI
Lonnie,Foreman,270-577-6035,Sales,Green Bay,Reynholm Inc.,WI
Pat,Jones,908-912-4235,Sales,Green Bay,Reynholm Inc.,WI
Flora,Hunter,409-893-7385,Accounting,Green Bay,Reynholm Inc.,WI
Marietta,Folse,530-306-3097,Networking,Green Bay,Reynholm Inc.,WI
Jeremy,Wills,859-587-2415,Accounting,Green Bay,Reynholm Inc.,WI
Amber,Randall,804-589-3638,InfoTech,Green Bay,Reynholm Inc.,WI
Patricia,Neil,903-877-2528,Sys_Admin,Green Bay,Reynholm Inc.,WI
James,McKee,507-629-0267,InfoTech,Green Bay,Reynholm Inc.,WI
Paul,Williams,419-994-0154,Sales,Green Bay,Reynholm Inc.,WI
Ginny,Honey,754-234-3899,Sales,Green Bay,Reynholm Inc.,WI
Staci,Cummings,865-288-6373,Accounting,Green Bay,Reynholm Inc.,WI
Cindy,Adams,347-655-5944,developers,Green Bay,Reynholm Inc.,WI
Anna,Apel,347-548-0164,Sales,Green Bay,Reynholm Inc.,WI
Lester,Ozuna,843-705-0909,InfoTech,Green Bay,Reynholm Inc.,WI
Dorothy,Macdonald,859-505-9784,InfoTech,Green Bay,Reynholm Inc.,WI
John,Ingram,201-394-8293,Executive,Green Bay,Reynholm Inc.,WI
Christopher,Marion,415-472-3872,Sales,Green Bay,Reynholm Inc.,WI
William,Vandyke,337-288-6691,InfoTech,Green Bay,Reynholm Inc.,WI
Anthony,Villanueva,507-539-0875,Sales,Green Bay,Reynholm Inc.,WI
Robert,Pike,775-308-8578,Sales,Green Bay,Reynholm Inc.,WI
Brooks,Greenblatt,602-295-0997,InfoTech,Green Bay,Reynholm Inc.,WI
Linda,Backman,732-279-2197,Sys_Admin,Green Bay,Reynholm Inc.,WI
Tera,Wertz,713-963-4787,InfoTech,Green Bay,Reynholm Inc.,WI
Tamica,Browne,978-370-6562,Networking,Green Bay,Reynholm Inc.,WI
George,Worthey,773-764-5882,Accounting,Green Bay,Reynholm Inc.,WI
Randolph,Esquer,517-998-1319,HR,Green Bay,Reynholm Inc.,WI
Donald,Webb,323-960-6369,HR,Green Bay,Reynholm Inc.,WI
John,Redd,843-361-0600,Accounting,Green Bay,Reynholm Inc.,WI
Marc,Bland,717-290-5127,Developers,Green Bay,Reynholm Inc.,WI
Janice,Griffin,617-816-0119,Developers,Green Bay,Reynholm Inc.,WI
Thomas,South,903-244-1128,Developers,Green Bay,Reynholm Inc.,WI
Elise,Leon,831-622-4241,Developers,Green Bay,Reynholm Inc.,WI
Stephanie,Mills,443-307-6750,Marketing,Green Bay,Reynholm Inc.,WI
Sheila,Bolin,989-477-2979,Marketing,Green Bay,Reynholm Inc.,WI
Gerald,James,801-465-9130,Manufacturing,Green Bay,Reynholm Inc.,WI
Efren,Morris,702-795-6969,Manufacturing,Green Bay,Reynholm Inc.,WI
Lee,Jackson,503-436-5781,Accounting,Green Bay,Reynholm Inc.,WI
William,Wolff,352-357-2159,Accounting,Green Bay,Reynholm Inc.,WI
Christina,Wheatley,781-479-3396,developers,Green Bay,Reynholm Inc.,WI
Donald,Shield,334-408-1351,Sales,Green Bay,Reynholm Inc.,WI
Gina,Mason,832-864-8580,Executive,Green Bay,Reynholm Inc.,WI
Charles,Petersen,772-260-7355,Developers,Green Bay,Reynholm Inc.,WI
Royal,Edge,906-293-6136,Sales,Green Bay,Reynholm Inc.,WI
Marilyn,Kao,336-596-9913,Sales,Green Bay,Reynholm Inc.,WI
Vicky,Christensen,404-871-2827,Accounting,Green Bay,Reynholm Inc.,WI
Justin,Hoyer,919-894-7313,Networking,Green Bay,Reynholm Inc.,WI
Amy,Sharp,402-560-4896,Accounting,Green Bay,Reynholm Inc.,WI
Carol,Hambleton,414-273-7115,InfoTech,Green Bay,Reynholm Inc.,WI
Susan,Dow,260-501-0387,Sys_Admin,Green Bay,Reynholm Inc.,WI
Juanita,Moylan,810-962-5698,InfoTech,Green Bay,Reynholm Inc.,WI
Jamaal,Beavers,203-639-2800,Sales,Green Bay,Reynholm Inc.,WI
Stephanie,Burgess,909-405-6372,Sales,Green Bay,Reynholm Inc.,WI
Fred,Beckham,610-704-8247,Accounting,Green Bay,Reynholm Inc.,WI
Leif,Mendoza,972-283-0764,developers,Green Bay,Reynholm Inc.,WI
Anthony,Weaver,313-673-2890,Sales,Green Bay,Reynholm Inc.,WI
Arnulfo,Cayton,661-466-8844,InfoTech,Green Bay,Reynholm Inc.,WI
Bob,Davis,919-597-3439,InfoTech,Green Bay,Reynholm Inc.,WI
Lynn,Wilson,859-657-3663,Executive,Green Bay,Reynholm Inc.,WI
Dawn,Mueller,925-743-2471,Sales,Green Bay,Reynholm Inc.,WI
Juan,Green,704-996-5437,InfoTech,Green Bay,Reynholm Inc.,WI
Gertrude,Turner,402-468-7584,Sales,Green Bay,Reynholm Inc.,WI
Earl,Williams,336-318-3791,Sales,Green Bay,Reynholm Inc.,WI
Dylan,West,501-907-0443,InfoTech,Green Bay,Reynholm Inc.,WI
Kathleen,McDuffie,509-847-2183,Sys_Admin,Green Bay,Reynholm Inc.,WI
Angela,Toomey,919-432-0753,InfoTech,Green Bay,Reynholm Inc.,WI
Virgil,Kepner,410-587-5726,Networking,Green Bay,Reynholm Inc.,WI
Brian,Picklesimer,407-463-4870,Accounting,Green Bay,Reynholm Inc.,WI
Mary,Murawski,609-816-3335,HR,Green Bay,Reynholm Inc.,WI
Caryn,Freitas,262-754-6926,HR,Green Bay,Reynholm Inc.,WI
Jorge,Collins,205-468-6517,Accounting,Green Bay,Reynholm Inc.,WI
Jeanine,Houston,864-255-7422,Developers,Green Bay,Reynholm Inc.,WI
Frankie,Pearson,740-482-9182,Developers,Green Bay,Reynholm Inc.,WI
Michael,Treece,360-544-3503,Developers,Green Bay,Reynholm Inc.,WI
Justin,Scott,815-395-3733,Developers,Green Bay,Reynholm Inc.,WI
Jeffrey,Reich,513-907-9100,Marketing,Green Bay,Reynholm Inc.,WI
Monica,Alejandro,620-633-7649,Marketing,Green Bay,Reynholm Inc.,WI
Monique,Pinto,718-781-1674,Manufacturing,Green Bay,Reynholm Inc.,WI
Ashley,Heller,865-675-6925,Manufacturing,Green Bay,Reynholm Inc.,WI
Toby,Sherman,740-757-1916,Accounting,Green Bay,Reynholm Inc.,WI
Brandi,Davis,805-379-3639,Accounting,Green Bay,Reynholm Inc.,WI
Tommy,Walls,901-362-1015,developers,Green Bay,Reynholm Inc.,WI
James,Creighton,804-422-1962,Sales,Green Bay,Reynholm Inc.,WI
Maria,Crowley,970-332-6805,Executive,Green Bay,Reynholm Inc.,WI
James,Lira,906-372-9246,Developers,Green Bay,Reynholm Inc.,WI
Joseph,Fernandez,510-866-2044,Sales,Green Bay,Reynholm Inc.,WI
James,Stephens,908-962-7630,Sales,Green Bay,Reynholm Inc.,WI
Jessie,Brown,760-230-9049,Accounting,Green Bay,Reynholm Inc.,WI
Tara,Clark,914-404-4436,Networking,Green Bay,Reynholm Inc.,WI
Kay,Lynch,240-272-1859,Accounting,Green Bay,Reynholm Inc.,WI
Lindsey,Greer,908-486-2409,InfoTech,Green Bay,Reynholm Inc.,WI
Lisa,Perras,724-698-5800,InfoTech,Green Bay,Reynholm Inc.,WI
Spencer,Lacy,423-482-8081,Sys_Admin,Green Bay,Reynholm Inc.,WI
Trent,Brownell,402-421-3280,InfoTech,Green Bay,Reynholm Inc.,WI
Derek,Burciaga,317-918-8741,Networking,Green Bay,Reynholm Inc.,WI
James,Larose,917-594-9553,Accounting,Green Bay,Reynholm Inc.,WI
James,Bordeaux,573-269-7950,HR,Green Bay,Reynholm Inc.,WI
Damian,Falbo,706-853-9032,HR,Green Bay,Reynholm Inc.,WI
Deborah,Locklear,951-520-1987,Accounting,Green Bay,Reynholm Inc.,WI
Wanda,Smith,213-494-8172,Developers,Green Bay,Reynholm Inc.,WI
Monique,Graham,352-335-0899,Developers,Green Bay,Reynholm Inc.,WI
Janet,Longoria,260-704-5587,Developers,Green Bay,Reynholm Inc.,WI
Ernest,Arnott,408-975-7478,Developers,Green Bay,Reynholm Inc.,WI
Robin,Mullins,949-635-4183,Marketing,Green Bay,Reynholm Inc.,WI
Floyd,Ferraro,864-982-5023,Marketing,Green Bay,Reynholm Inc.,WI
Steven,Peterson,802-706-2607,Manufacturing,Green Bay,Reynholm Inc.,WI
Rebecca,White,256-287-4372,Manufacturing,Green Bay,Reynholm Inc.,WI
Tiffany,Floyd,707-453-8089,Accounting,Green Bay,Reynholm Inc.,WI
Alexandra,Brown,210-513-7205,Accounting,Green Bay,Reynholm Inc.,WI
Aaron,Diorio,630-401-4647,developers,Green Bay,Reynholm Inc.,WI
Francisca,Robinson,361-994-7664,Sales,Green Bay,Reynholm Inc.,WI
Sheryl,Spruill,605-877-2428,Executive,Green Bay,Reynholm Inc.,WI
Carolyn,Tellez,765-378-3642,Developers,Green Bay,Reynholm Inc.,WI
Jacqueline,Brunell,740-525-0462,Sales,Green Bay,Reynholm Inc.,WI
James,Williams,203-410-2545,Sales,Green Bay,Reynholm Inc.,WI
Edward,Moore,440-202-3948,Accounting,Green Bay,Reynholm Inc.,WI
Derrick,Place,336-293-6780,Networking,Green Bay,Reynholm Inc.,WI
Phil,Tennant,530-515-2664,Accounting,Green Bay,Reynholm Inc.,WI
Amanda,Brennan,707-931-3988,InfoTech,Green Bay,Reynholm Inc.,WI
Dorothy,Joyner,707-514-1355,Sys_Admin,Green Bay,Reynholm Inc.,WI
Daisy,Villalobos,205-352-2297,InfoTech,Green Bay,Reynholm Inc.,WI
Maureen,Bly,618-876-6928,Sales,Green Bay,Reynholm Inc.,WI
Rebecca,Johnson,330-787-7673,Sales,Green Bay,Reynholm Inc.,WI
Robert,Klimek,213-802-8088,Accounting,Green Bay,Reynholm Inc.,WI
Jean,Hatton,770-892-9193,developers,Green Bay,Reynholm Inc.,WI
John,Ranck,415-521-1521,Sales,Green Bay,Reynholm Inc.,WI
Mary,Brittain,270-481-9518,InfoTech,Green Bay,Reynholm Inc.,WI
Issac,Smith,847-201-1261,InfoTech,Green Bay,Reynholm Inc.,WI
Kevin,McClure,210-337-4714,Executive,Green Bay,Reynholm Inc.,WI
David,Oswalt,267-477-6279,Sales,Green Bay,Reynholm Inc.,WI
Ralph,Hooker,334-816-6787,InfoTech,Green Bay,Reynholm Inc.,WI
Carl,George,318-409-4805,Sales,Green Bay,Reynholm Inc.,WI
Jean,Harris,219-992-4664,Sales,Green Bay,Reynholm Inc.,WI
Alisha,Leos,775-725-5039,InfoTech,Green Bay,Reynholm Inc.,WI
Susan,Edmondson,530-579-1101,Sys_Admin,Green Bay,Reynholm Inc.,WI
Paul,Minto,609-242-0420,InfoTech,Green Bay,Reynholm Inc.,WI
Nancy,Walls,580-738-5834,Networking,Green Bay,Reynholm Inc.,WI
Marilyn,Williams,215-860-6258,Accounting,Green Bay,Reynholm Inc.,WI
Alicia,Alex,713-532-8823,HR,Green Bay,Reynholm Inc.,WI
Judith,Yost,847-729-5047,HR,Green Bay,Reynholm Inc.,WI
Allen,Barton,772-486-7797,Accounting,Green Bay,Reynholm Inc.,WI
Leon,Waymire,614-672-1863,Developers,Green Bay,Reynholm Inc.,WI
Bonnie,Crank,510-278-5722,Developers,Green Bay,Reynholm Inc.,WI
Frank,Kirkland,443-637-5323,Developers,Green Bay,Reynholm Inc.,WI
Lynn,Ware,405-320-9309,Developers,Green Bay,Reynholm Inc.,WI
Kristen,White,405-398-7713,Marketing,Green Bay,Reynholm Inc.,WI
Silvia,Caban,202-358-6672,Marketing,Green Bay,Reynholm Inc.,WI
Freddy,Nelson,956-303-3676,Manufacturing,Green Bay,Reynholm Inc.,WI
Ashley,Hanson,931-703-6315,Manufacturing,Green Bay,Reynholm Inc.,WI
Maria,Gonzales,919-423-8635,Accounting,Green Bay,Reynholm Inc.,WI
Peter,Ziegler,702-974-3774,Accounting,Green Bay,Reynholm Inc.,WI
Paul,Fagan,660-493-6048,developers,Green Bay,Reynholm Inc.,WI
William,Gonzales,323-554-7896,Sales,Green Bay,Reynholm Inc.,WI
Edwin,Fontenot,254-482-2922,Executive,Green Bay,Reynholm Inc.,WI
Joyce,Lee,516-998-1077,Developers,Green Bay,Reynholm Inc.,WI
Jose,Leavitt,334-834-0483,Sales,Green Bay,Reynholm Inc.,WI
John,Brown,206-496-5442,Sales,Green Bay,Reynholm Inc.,WI
Stanley,Marroquin,650-260-7000,Accounting,Green Bay,Reynholm Inc.,WI
Virginia,Weller,253-461-1763,Networking,Green Bay,Reynholm Inc.,WI
Allen,Love,617-587-7798,Accounting,Green Bay,Reynholm Inc.,WI
Alan,Sell,650-756-6802,InfoTech,Green Bay,Reynholm Inc.,WI
Bonnie,Cochran,281-930-7709,Sys_Admin,Green Bay,Reynholm Inc.,WI
Crystal,Melvin,606-555-8636,InfoTech,Green Bay,Reynholm Inc.,WI
Rudolph,Long,715-668-0720,Sales,Green Bay,Reynholm Inc.,WI
Dorothy,Valdez,863-993-1742,Sales,Green Bay,Reynholm Inc.,WI
William,Martin,650-340-3521,Accounting,Green Bay,Reynholm Inc.,WI
Nathaniel,Benoit,903-873-5058,developers,Green Bay,Reynholm Inc.,WI
Cesar,Riddick,724-635-3139,Sales,Green Bay,Reynholm Inc.,WI
Lessie,Lassiter,616-538-1190,InfoTech,Green Bay,Reynholm Inc.,WI
April,Quintanilla,724-314-0551,InfoTech,Green Bay,Reynholm Inc.,WI
James,Alvarado,845-669-3248,Executive,Green Bay,Reynholm Inc.,WI
Damian,Lewis,830-225-2427,Sales,Green Bay,Reynholm Inc.,WI
Kristen,Borquez,315-505-1103,InfoTech,Green Bay,Reynholm Inc.,WI
Robert,Bakker,612-344-9855,Sales,Green Bay,Reynholm Inc.,WI
Nina,Broadus,504-285-7180,Sales,Green Bay,Reynholm Inc.,WI
Charles,Bruce,573-467-3977,InfoTech,Green Bay,Reynholm Inc.,WI
John,Amen,718-602-9169,Sys_Admin,Green Bay,Reynholm Inc.,WI
Brian,Mathers,501-786-2876,InfoTech,Green Bay,Reynholm Inc.,WI
Mary,Hawthorne,313-435-6304,Networking,Green Bay,Reynholm Inc.,WI
Christoper,Brown,802-917-4513,Accounting,Green Bay,Reynholm Inc.,WI
Ruth,Campbell,229-815-5642,HR,Green Bay,Reynholm Inc.,WI
Kennith,Collins,407-367-8746,HR,Green Bay,Reynholm Inc.,WI
Mary,Delacruz,907-230-9150,Accounting,Green Bay,Reynholm Inc.,WI
Robert,Hawley,918-733-4076,Developers,Green Bay,Reynholm Inc.,WI
Wilfred,Brown,831-243-2790,Developers,Green Bay,Reynholm Inc.,WI
Nellie,Dixon,410-888-5526,Developers,Green Bay,Reynholm Inc.,WI
Ella,Todd,609-566-5262,InfoTech,Green Bay,Reynholm Inc.,WI
Joella,Franklin,512-624-1632,Sys_Admin,Green Bay,Reynholm Inc.,WI
Woodrow,Delrio,520-490-0490,InfoTech,Green Bay,Reynholm Inc.,WI
Michelle,Greve,940-399-5313,Networking,Green Bay,Reynholm Inc.,WI
Violet,Bailey,310-682-2056,Accounting,Green Bay,Reynholm Inc.,WI
Larry,Long,801-622-0484,HR,Green Bay,Reynholm Inc.,WI
Andrea,Sluss,540-245-5499,HR,Green Bay,Reynholm Inc.,WI
Lucille,Moreland,731-937-3791,Accounting,Green Bay,Reynholm Inc.,WI
James,Moore,989-849-4252,Developers,Green Bay,Reynholm Inc.,WI
Jerome,Flores,503-351-7148,Developers,Green Bay,Reynholm Inc.,WI
Gary,Friedman,307-422-1191,Developers,Green Bay,Reynholm Inc.,WI
Bruno,Outlaw,504-231-4236,Developers,Green Bay,Reynholm Inc.,WI
Sheena,Merriman,216-705-1458,Marketing,Green Bay,Reynholm Inc.,WI
Elizabeth,Jones,802-250-5557,Marketing,Green Bay,Reynholm Inc.,WI
Allen,Stach,617-434-3769,Manufacturing,Green Bay,Reynholm Inc.,WI
Rodney,Libby,303-388-4678,Manufacturing,Green Bay,Reynholm Inc.,WI
Billy,Blackwell,918-781-5633,Accounting,Green Bay,Reynholm Inc.,WI
Otis,Williams,239-479-4002,Accounting,Green Bay,Reynholm Inc.,WI
David,Densmore,785-206-1549,developers,Green Bay,Reynholm Inc.,WI
Landon,Estrella,207-374-7251,Sales,Green Bay,Reynholm Inc.,WI
Rudolph,Knuckles,207-487-5614,Executive,Green Bay,Reynholm Inc.,WI
Michael,Ortiz,231-325-6932,Developers,Green Bay,Reynholm Inc.,WI
Raymond,Sherman,909-494-2338,Sales,Green Bay,Reynholm Inc.,WI
Wayne,Ortega,440-493-4087,Sales,Green Bay,Reynholm Inc.,WI
Kathy,Mackey,413-275-7214,Accounting,Green Bay,Reynholm Inc.,WI
Delbert,Newlon,970-621-9339,Networking,Green Bay,Reynholm Inc.,WI
Lillian,Gillon,508-738-7384,Accounting,Green Bay,Reynholm Inc.,WI
James,Huffman,408-360-5189,InfoTech,Green Bay,Reynholm Inc.,WI
Jane,Thompson,219-869-3198,Sys_Admin,Green Bay,Reynholm Inc.,WI
Pat,Harris,781-325-9627,InfoTech,Green Bay,Reynholm Inc.,WI
Jackie,Leonard,516-656-4855,Sales,Green Bay,Reynholm Inc.,WI
Brande,Duncan,650-624-0823,Sales,Green Bay,Reynholm Inc.,WI
Helen,Armstrong,907-653-5885,Accounting,Green Bay,Reynholm Inc.,WI
Rachel,Shehan,425-558-7742,developers,Green Bay,Reynholm Inc.,WI
Robert,Richards,434-713-0807,Sales,Green Bay,Reynholm Inc.,WI
Wendy,Hamilton,434-205-9695,InfoTech,Green Bay,Reynholm Inc.,WI
Hugh,Bradford,224-772-1375,InfoTech,Green Bay,Reynholm Inc.,WI
Jennifer,Smith,402-370-9066,Executive,Green Bay,Reynholm Inc.,WI
Luz,Jones,859-653-4995,Sales,Green Bay,Reynholm Inc.,WI
Charles,Keaton,724-915-3929,InfoTech,Green Bay,Reynholm Inc.,WI
Wayne,Kelly,843-557-2789,Sales,Green Bay,Reynholm Inc.,WI
John,Schwartz,206-367-7868,Sales,Green Bay,Reynholm Inc.,WI
William,Lewis,630-540-0399,InfoTech,Green Bay,Reynholm Inc.,WI
Jeannette,West,520-409-3901,Sys_Admin,Green Bay,Reynholm Inc.,WI
Linda,Stockwell,267-945-5605,InfoTech,Green Bay,Reynholm Inc.,WI
Michael,Armer,864-861-5621,Networking,Green Bay,Reynholm Inc.,WI
Jerry,Wilkerson,626-676-8142,Accounting,Green Bay,Reynholm Inc.,WI
Lisa,Larson,240-363-3146,HR,Green Bay,Reynholm Inc.,WI
Angelita,Morgan,253-226-6732,HR,Green Bay,Reynholm Inc.,WI
Melissa,Wilkins,414-325-0597,Accounting,Green Bay,Reynholm Inc.,WI
Lorraine,Clem,918-660-2158,Developers,Green Bay,Reynholm Inc.,WI
Richard,Torbett,626-261-3561,Developers,Green Bay,Reynholm Inc.,WI
Lucille,Aiello,818-834-0759,Developers,Green Bay,Reynholm Inc.,WI
Antonio,Roll,812-694-4491,Developers,Green Bay,Reynholm Inc.,WI
Karen,Grindstaff,608-285-3744,Marketing,Green Bay,Reynholm Inc.,WI
Lionel,Frye,252-527-7594,Marketing,Green Bay,Reynholm Inc.,WI
Sharon,Boyle,213-873-6546,Manufacturing,Green Bay,Reynholm Inc.,WI
Jeremiah,Lancaster,832-445-9064,Manufacturing,Green Bay,Reynholm Inc.,WI
Pearl,McNaughton,970-760-6536,Accounting,Green Bay,Reynholm Inc.,WI
Thuy,Edwards,615-508-3909,Accounting,Green Bay,Reynholm Inc.,WI
Alice,Bryant,423-716-4819,developers,Green Bay,Reynholm Inc.,WI
Deanna,Kemp,828-877-5063,Sales,Green Bay,Reynholm Inc.,WI
Barry,Robbins,608-217-1264,Executive,Green Bay,Reynholm Inc.,WI
Brandon,Wyche,484-637-3505,Developers,Green Bay,Reynholm Inc.,WI
Natalie,Burgess,270-577-6035,Sales,Green Bay,Reynholm Inc.,WI
Eugene,Sherman,908-912-4235,Sales,Green Bay,Reynholm Inc.,WI
Santa,Slaughter,409-893-7385,Accounting,Green Bay,Reynholm Inc.,WI
Stephanie,Sturdivant,530-306-3097,Networking,Green Bay,Reynholm Inc.,WI
Anita,Lew,859-587-2415,Accounting,Green Bay,Reynholm Inc.,WI
Miguel,Blaylock,804-589-3638,InfoTech,Green Bay,Reynholm Inc.,WI
Sheryl,Little,903-877-2528,Sys_Admin,Green Bay,Reynholm Inc.,WI
Sarah,Carter,507-629-0267,InfoTech,Green Bay,Reynholm Inc.,WI
Lorraine,Smith,419-994-0154,Sales,Green Bay,Reynholm Inc.,WI
Brandy,Byrd,754-234-3899,Sales,Green Bay,Reynholm Inc.,WI
Donna,Short,865-288-6373,Accounting,Green Bay,Reynholm Inc.,WI
Megan,Stinson,347-655-5944,developers,Green Bay,Reynholm Inc.,WI
Morgan,Schilling,347-548-0164,Sales,Green Bay,Reynholm Inc.,WI
Danny,Porter,843-705-0909,InfoTech,Green Bay,Reynholm Inc.,WI
Dwayne,Bostic,859-505-9784,InfoTech,Green Bay,Reynholm Inc.,WI
Deborah,Tran,201-394-8293,Executive,Green Bay,Reynholm Inc.,WI
Audrey,Gonzales,415-472-3872,Sales,Green Bay,Reynholm Inc.,WI
Karen,Lundgren,337-288-6691,InfoTech,Green Bay,Reynholm Inc.,WI
Nicholas,Copland,507-539-0875,Sales,Green Bay,Reynholm Inc.,WI
Shawnta,Barr,775-308-8578,Sales,Green Bay,Reynholm Inc.,WI
Katherine,Manning,602-295-0997,InfoTech,Green Bay,Reynholm Inc.,WI
Thomas,Drake,732-279-2197,Sys_Admin,Green Bay,Reynholm Inc.,WI
Velma,Anderson,713-963-4787,InfoTech,Green Bay,Reynholm Inc.,WI
Jennifer,Ewers,978-370-6562,Networking,Green Bay,Reynholm Inc.,WI
Jeffrey,Saucedo,773-764-5882,Accounting,Green Bay,Reynholm Inc.,WI
Agnes,Lau,517-998-1319,HR,Green Bay,Reynholm Inc.,WI
Evelyn,Santana,323-960-6369,HR,Green Bay,Reynholm Inc.,WI
Randy,Scott,843-361-0600,Accounting,Green Bay,Reynholm Inc.,WI
Earlean,Baird,717-290-5127,Developers,Green Bay,Reynholm Inc.,WI
Nancy,Raymond,617-816-0119,Developers,Green Bay,Reynholm Inc.,WI
Randall,Thompson,903-244-1128,Developers,Green Bay,Reynholm Inc.,WI
Antonio,Salmon,831-622-4241,Developers,Green Bay,Reynholm Inc.,WI
Delana,Jones,443-307-6750,Marketing,Green Bay,Reynholm Inc.,WI
Mitchel,Johnson,989-477-2979,Marketing,Green Bay,Reynholm Inc.,WI
Matthew,Black,801-465-9130,Manufacturing,Green Bay,Reynholm Inc.,WI
James,Bertram,702-795-6969,Manufacturing,Green Bay,Reynholm Inc.,WI
Wayne,Whitfield,503-436-5781,Accounting,Green Bay,Reynholm Inc.,WI
Mary,Allsop,352-357-2159,Accounting,Green Bay,Reynholm Inc.,WI
Beverly,Oliver,781-479-3396,developers,Green Bay,Reynholm Inc.,WI
Kristopher,Butler,334-408-1351,Sales,Green Bay,Reynholm Inc.,WI
Audrie,Bridges,832-864-8580,Executive,Green Bay,Reynholm Inc.,WI
Robert,Cobb,772-260-7355,Developers,Green Bay,Reynholm Inc.,WI
Laura,Rempe,906-293-6136,Sales,Green Bay,Reynholm Inc.,WI
Jenifer,Boyle,336-596-9913,Sales,Green Bay,Reynholm Inc.,WI
Carlos,Rodriguez,404-871-2827,Accounting,Green Bay,Reynholm Inc.,WI
Eugene,Chestnut,919-894-7313,Networking,Green Bay,Reynholm Inc.,WI
Marla,Lyles,402-560-4896,Accounting,Green Bay,Reynholm Inc.,WI
Andrew,Anderson,414-273-7115,InfoTech,Green Bay,Reynholm Inc.,WI
Patience,Ferris,260-501-0387,Sys_Admin,Green Bay,Reynholm Inc.,WI
Robert,King,810-962-5698,InfoTech,Green Bay,Reynholm Inc.,WI
Charles,Hicks,203-639-2800,Sales,Green Bay,Reynholm Inc.,WI
Patrick,Richmond,909-405-6372,Sales,Green Bay,Reynholm Inc.,WI
Carolyn,Atkinson,610-704-8247,Accounting,Green Bay,Reynholm Inc.,WI
Joshua,Wilson,972-283-0764,developers,Green Bay,Reynholm Inc.,WI
Andrea,Stephens,313-673-2890,Sales,Green Bay,Reynholm Inc.,WI
William,Mullings,661-466-8844,InfoTech,Green Bay,Reynholm Inc.,WI
Jane,Church,919-597-3439,InfoTech,Green Bay,Reynholm Inc.,WI
Angela,Bruening,859-657-3663,Executive,Green Bay,Reynholm Inc.,WI
Nicola,Boyd,925-743-2471,Sales,Green Bay,Reynholm Inc.,WI
Pamela,Pena,704-996-5437,InfoTech,Green Bay,Reynholm Inc.,WI
Dawn,Rutherford,402-468-7584,Sales,Green Bay,Reynholm Inc.,WI
David,Valdovinos,336-318-3791,Sales,Green Bay,Reynholm Inc.,WI
Arlene,Jackson,501-907-0443,InfoTech,Green Bay,Reynholm Inc.,WI
Manuel,Petersen,509-847-2183,Sys_Admin,Green Bay,Reynholm Inc.,WI
Eddie,Fraley,919-432-0753,InfoTech,Green Bay,Reynholm Inc.,WI
Christopher,Hoyt,410-587-5726,Networking,Green Bay,Reynholm Inc.,WI
Allan,Worthen,407-463-4870,Accounting,Green Bay,Reynholm Inc.,WI
Diane,Vining,609-816-3335,HR,Green Bay,Reynholm Inc.,WI
Charles,Newman,262-754-6926,HR,Green Bay,Reynholm Inc.,WI
Maria,Shah,205-468-6517,Accounting,Green Bay,Reynholm Inc.,WI
Eleanor,Durham,864-255-7422,Developers,Green Bay,Reynholm Inc.,WI
Constance,Wilson,740-482-9182,Developers,Green Bay,Reynholm Inc.,WI
Richard,Dye,360-544-3503,Developers,Green Bay,Reynholm Inc.,WI
Sharon,Coates,815-395-3733,Developers,Green Bay,Reynholm Inc.,WI
Tierra,Smith,513-907-9100,Marketing,Green Bay,Reynholm Inc.,WI
Violet,Shephard,620-633-7649,Marketing,Green Bay,Reynholm Inc.,WI
Sarah,Martin,718-781-1674,Manufacturing,Green Bay,Reynholm Inc.,WI
Sebrina,Johnson,865-675-6925,Manufacturing,Green Bay,Reynholm Inc.,WI
Joseph,Norris,740-757-1916,Accounting,Green Bay,Reynholm Inc.,WI
Darrell,Bell,805-379-3639,Accounting,Green Bay,Reynholm Inc.,WI
Marcia,Jamison,901-362-1015,developers,Green Bay,Reynholm Inc.,WI
Caroyln,Thoreson,804-422-1962,Sales,Green Bay,Reynholm Inc.,WI
Thresa,Wooten,970-332-6805,Executive,Green Bay,Reynholm Inc.,WI
Jason,Burks,906-372-9246,Developers,Green Bay,Reynholm Inc.,WI
Robert,Kelley,510-866-2044,Sales,Green Bay,Reynholm Inc.,WI
Larry,Hand,908-962-7630,Sales,Green Bay,Reynholm Inc.,WI
Chris,James,760-230-9049,Accounting,Green Bay,Reynholm Inc.,WI
Mary,Beers,914-404-4436,Networking,Green Bay,Reynholm Inc.,WI
Dina,Bonner,240-272-1859,Accounting,Green Bay,Reynholm Inc.,WI
Brent,Pearson,908-486-2409,InfoTech,Green Bay,Reynholm Inc.,WI
Kate,Gonzalez,724-698-5800,InfoTech,Green Bay,Reynholm Inc.,WI
Courtney,Costanza,423-482-8081,Sys_Admin,Green Bay,Reynholm Inc.,WI
Tyler,Client,402-421-3280,InfoTech,Green Bay,Reynholm Inc.,WI
Caleb,Galiano,317-918-8741,Networking,Green Bay,Reynholm Inc.,WI
Michael,Goggans,917-594-9553,Accounting,Green Bay,Reynholm Inc.,WI
Amy,Witt,573-269-7950,HR,Green Bay,Reynholm Inc.,WI
Emily,Kline,706-853-9032,HR,Green Bay,Reynholm Inc.,WI
Joseph,Mercer,951-520-1987,Accounting,Green Bay,Reynholm Inc.,WI
Stella,Johnson,213-494-8172,Developers,Green Bay,Reynholm Inc.,WI
Arthur,Jared,352-335-0899,Developers,Green Bay,Reynholm Inc.,WI
John,Delafuente,260-704-5587,Developers,Green Bay,Reynholm Inc.,WI
Julius,Cunningham,408-975-7478,Developers,Green Bay,Reynholm Inc.,WI
Angelique,Hosey,949-635-4183,Marketing,Green Bay,Reynholm Inc.,WI
Roxann,Perez,864-982-5023,Marketing,Green Bay,Reynholm Inc.,WI
Rosetta,Miller,802-706-2607,Manufacturing,Green Bay,Reynholm Inc.,WI
Willie,Bass,256-287-4372,Manufacturing,Green Bay,Reynholm Inc.,WI
Martin,Rhodes,707-453-8089,Accounting,Green Bay,Reynholm Inc.,WI
Felix,Schulte,210-513-7205,Accounting,Green Bay,Reynholm Inc.,WI
Michael,McDonald,630-401-4647,developers,Green Bay,Reynholm Inc.,WI
Palmer,Castro,361-994-7664,Sales,Green Bay,Reynholm Inc.,WI
Diana,Comstock,605-877-2428,Executive,Green Bay,Reynholm Inc.,WI
Michael,Lewis,765-378-3642,Developers,Green Bay,Reynholm Inc.,WI
Carolyn,Hearon,740-525-0462,Sales,Green Bay,Reynholm Inc.,WI
Lester,McMahon,203-410-2545,Sales,Green Bay,Reynholm Inc.,WI
Jackie,Rangel,440-202-3948,Accounting,Green Bay,Reynholm Inc.,WI
Ken,Shaw,336-293-6780,Networking,Green Bay,Reynholm Inc.,WI
Susan,Gibbs,530-515-2664,Accounting,Green Bay,Reynholm Inc.,WI
Duane,Eckman,707-931-3988,InfoTech,Green Bay,Reynholm Inc.,WI
John,Hoover,707-514-1355,Sys_Admin,Green Bay,Reynholm Inc.,WI
Sidney,Gallego,205-352-2297,InfoTech,Green Bay,Reynholm Inc.,WI
Irene,McCranie,618-876-6928,Sales,Green Bay,Reynholm Inc.,WI
Michael,Loudermilk,330-787-7673,Sales,Green Bay,Reynholm Inc.,WI
Cheryl,Moore,213-802-8088,Accounting,Green Bay,Reynholm Inc.,WI
Susan,Bermudez,770-892-9193,developers,Green Bay,Reynholm Inc.,WI
Bessie,Garrison,415-521-1521,Sales,Green Bay,Reynholm Inc.,WI
Phyllis,Thurston,270-481-9518,InfoTech,Green Bay,Reynholm Inc.,WI
Albert,Walker,847-201-1261,InfoTech,Green Bay,Reynholm Inc.,WI
Elaine,Powell,210-337-4714,Executive,Green Bay,Reynholm Inc.,WI
Frank,Powell,267-477-6279,Sales,Green Bay,Reynholm Inc.,WI
Richard,Myers,334-816-6787,InfoTech,Green Bay,Reynholm Inc.,WI
Jeffrey,Willey,318-409-4805,Sales,Green Bay,Reynholm Inc.,WI
Susan,Lee,219-992-4664,Sales,Green Bay,Reynholm Inc.,WI
Keith,Starkes,775-725-5039,InfoTech,Green Bay,Reynholm Inc.,WI
Lois,Goulart,530-579-1101,Sys_Admin,Green Bay,Reynholm Inc.,WI
Elizabeth,Todd,609-242-0420,InfoTech,Green Bay,Reynholm Inc.,WI
William,Nolen,580-738-5834,Networking,Green Bay,Reynholm Inc.,WI
Robyn,Cole,215-860-6258,Accounting,Green Bay,Reynholm Inc.,WI
Simon,Taylor,713-532-8823,HR,Green Bay,Reynholm Inc.,WI
Milton,Woods,847-729-5047,HR,Green Bay,Reynholm Inc.,WI
Grady,Johnson,772-486-7797,Accounting,Green Bay,Reynholm Inc.,WI
Chad,Marin,614-672-1863,Developers,Green Bay,Reynholm Inc.,WI
Beatrice,Palmer,510-278-5722,Developers,Green Bay,Reynholm Inc.,WI
Timothy,Smith,443-637-5323,Developers,Green Bay,Reynholm Inc.,WI
Kareem,Murphy,405-320-9309,Developers,Green Bay,Reynholm Inc.,WI
Pamela,Gray,405-398-7713,Marketing,Green Bay,Reynholm Inc.,WI
Dustin,Enriquez,202-358-6672,Marketing,Green Bay,Reynholm Inc.,WI
Justin,Sweet,956-303-3676,Manufacturing,Green Bay,Reynholm Inc.,WI
Clyde,Cook,931-703-6315,Manufacturing,Green Bay,Reynholm Inc.,WI
Marlene,Height,919-423-8635,Accounting,Green Bay,Reynholm Inc.,WI
Peter,Juarez,702-974-3774,Accounting,Green Bay,Reynholm Inc.,WI
Cynthia,Davis,660-493-6048,developers,Green Bay,Reynholm Inc.,WI
Kelly,Smith,323-554-7896,Sales,Green Bay,Reynholm Inc.,WI
Lily,Riggs,254-482-2922,Executive,Green Bay,Reynholm Inc.,WI
Melissa,Howell,516-998-1077,Developers,Green Bay,Reynholm Inc.,WI
Jim,Delgado,334-834-0483,Sales,Green Bay,Reynholm Inc.,WI
Andrew,Ortiz,206-496-5442,Sales,Green Bay,Reynholm Inc.,WI
Lewis,Patterson,650-260-7000,Accounting,Green Bay,Reynholm Inc.,WI
Taryn,Vowels,253-461-1763,Networking,Green Bay,Reynholm Inc.,WI
John,Brizendine,617-587-7798,Accounting,Green Bay,Reynholm Inc.,WI
Aaron,Coutee,650-756-6802,InfoTech,Green Bay,Reynholm Inc.,WI
Thomas,Bowen,281-930-7709,Sys_Admin,Green Bay,Reynholm Inc.,WI
Ray,Stearns,606-555-8636,InfoTech,Green Bay,Reynholm Inc.,WI
Charles,Gilbreath,715-668-0720,Sales,Green Bay,Reynholm Inc.,WI
Betty,Kirwan,863-993-1742,Sales,Green Bay,Reynholm Inc.,WI
Robin,Webb,650-340-3521,Accounting,Green Bay,Reynholm Inc.,WI
Willie,Wallace,903-873-5058,developers,Green Bay,Reynholm Inc.,WI
Louise,Blue,724-635-3139,Sales,Green Bay,Reynholm Inc.,WI
Jose,Williams,616-538-1190,InfoTech,Green Bay,Reynholm Inc.,WI
Mark,Huffman,724-314-0551,InfoTech,Green Bay,Reynholm Inc.,WI
Lilian,Caton,845-669-3248,Executive,Green Bay,Reynholm Inc.,WI
Sandra,Hall,830-225-2427,Sales,Green Bay,Reynholm Inc.,WI
Robert,Larry,315-505-1103,InfoTech,Green Bay,Reynholm Inc.,WI
Sheri,Nelson,612-344-9855,Sales,Green Bay,Reynholm Inc.,WI
Joann,Clark,504-285-7180,Sales,Green Bay,Reynholm Inc.,WI
Petra,Peters,573-467-3977,InfoTech,Green Bay,Reynholm Inc.,WI
Mary,Lyons,718-602-9169,Sys_Admin,Green Bay,Reynholm Inc.,WI
Richard,Moore,501-786-2876,InfoTech,Green Bay,Reynholm Inc.,WI
Eugene,Washington,313-435-6304,Networking,Green Bay,Reynholm Inc.,WI
Mamie,Beckley,802-917-4513,Accounting,Green Bay,Reynholm Inc.,WI
Sandra,Nave,229-815-5642,HR,Green Bay,Reynholm Inc.,WI
Milton,Drake,407-367-8746,HR,Green Bay,Reynholm Inc.,WI
Jody,Haight,907-230-9150,Accounting,Green Bay,Reynholm Inc.,WI
Andrew,Robles,918-733-4076,Developers,Green Bay,Reynholm Inc.,WI
Jessica,Tate,831-243-2790,Developers,Green Bay,Reynholm Inc.,WI
Grace,Randall,410-888-5526,Developers,Green Bay,Reynholm Inc.,WI
David,Ferrell,802-917-4513,Accounting,Green Bay,Reynholm Inc.,WI
Freda,Thomas,407-367-8746,HR,Green Bay,Reynholm Inc.,WI
